,prompt,photo
0,"A 4-year-old boy with brown short hair and white skin tone and a friendly herbivorous dinosaur with green scales and a kind smile seeking shelter under a large tree during a thunderstorm, with dark clouds rolling in and rain pouring heavily. watercolor. ",1
1,"A 4-year-old boy with brown short hair and white skin tone kneeling beside his sandbox, holding a dirty treasure map in his hands. His toys are scattered around, and the sun shines brightly. watercolor. ",2
2,"A 4-year-old boy with brown short hair and white skin tone standing at the edge of a sparkling river, watching a playful otter with brown fur and a friendly smile swimming nearby. Stepping stones are just beneath the water's surface. watercolor. ",3
3,"A 4-year-old Boy with Blonde Short hair and white skin tone holding a treasure map, with a big smile on his face, standing in front of a lush green forest. watercolor. ",4
4,"A 4-year-old Boy with Blonde Short hair and white skin tone rescuing a small cat with orange fur stuck on a tree branch, with a determined expression on his face and a sunny park in the background. watercolor. ",5
5,"A 4-year-old Boy with Blonde Short hair and white skin tone using his superpowers to stop a red bicycle with a basket in the front, with a blur of motion and a flower stand in the background. watercolor. ",6
6,"a 6-year-old Boy with Black Short hair and black skin tone opening the mysterious old book, with a bright light surrounding him. The tree under which he found the book is in the background. watercolor. ",7
7,"a 6-year-old Boy with Black Short hair and black skin tone dashing into the burning bakery, with flames and smoke billowing out. People trapped inside are visible through the windows. watercolor. ",8
8,"a 6-year-old Boy with Black Short hair and black skin tone confronting a group of mischievous villains, with an intense battle scene. The villains are shown frozen in surprise as he uses his superpowers. watercolor. ",9
9,"a 6-year-old Boy with Black Short hair and black skin tone surrounded by a group of children, who are looking up to him with admiration and excitement. They are holding drawings and wearing homemade superhero costumes. watercolor. ",10
10,"a 6-year-old Boy with Brown Short hair and white skin tone visiting different planets in the solar system, with each planet showcasing its unique characteristics. watercolor. ",11
11,"A 3-year-old Boy with Brown Curly hair and darker cinnamon skin tone running faster than the wind, leaping higher than the tallest trees, and effortlessly lifting a heavy rock. watercolor. ",12
12,"A 3-year-old Boy with Brown Curly hair and darker cinnamon skin tone carrying a 4-year-old girl with blonde pigtails and bright blue eyes on his back, swiftly bringing her back to her worried parents. watercolor. ",13
13,"A 4-year-old Boy with Blonde Short hair and white skin tone's bedroom, with a window overlooking a garden filled with blooming flowers. watercolor. ",14
14,"A 4-year-old Boy with Blonde Short hair and white skin tone and the small, sad bunny embarking on an adventure through meadows, mountains, and rivers, following a glowing trail on a magical map. watercolor. ",15
15,"A 4-year-old Boy with Blonde Short hair and white skin tone and the small, sad bunny reunited with the bunny's family, surrounded by a meadow filled with blooming flowers. watercolor. ",16
16,"A little girl with long brown hair, wearing red rain boots, standing at the entrance of the forest, looking concerned as she notices the dull surroundings. watercolor. ",17
17,"A little girl with long brown hair, wearing red rain boots, and a shy fairy with shimmering wings, unlocking the hidden door in the oldest tree with the magical key, as a brilliant light fills the forest. watercolor. ",18
18,"A little girl with long brown hair, wearing red rain boots, and a shy fairy with shimmering wings, exploring the forest together, spreading joy and magic. watercolor. ",19
19,"A heartwarming illustration of a little girl with long brown hair, wearing red rain boots, and a shy fairy with shimmering wings, hugging each other tightly, surrounded by the friendly villagers and the enchanting forest. watercolor. ",20
20,a 3-year-old Girl with Blonde Curly hair and white skin tone using her super strength to lift children to safety from the top of a tall tree. watercolor. ,21
21,"a 3-year-old Boy with Brown Short hair and white skin tone looking up at the tree with curiosity, as a bright flash of light comes from the sky. watercolor. ",22
22,"a 3-year-old Boy with Brown Short hair and white skin tone flying through the air, with the wind blowing his hair and a determined expression on his face. watercolor. ",23
23,"a 3-year-old Boy with Brown Short hair and white skin tone running through the town at super speed, searching for a lost teddy bear, with people looking surprised as he zooms past them. watercolor. ",24
24,"a 3-year-old Boy with Blonde Short hair and white skin tone running super fast across the grass in his backyard, with the sun shining brightly in the sky. watercolor. ",25
25,"a 3-year-old Boy with Blonde Short hair and white skin tone sleeping peacefully in his bed, with a soft glow from the moonlight shining through the window. watercolor. ",26
26,"A 6-year-old Girl with Brown Long hair and white skin tone and the golden retriever hiding behind a tree, peeking out at animal control officers passing by. watercolor. ",27
27,"A 6-year-old Girl with Brown Long hair and white skin tone looking up at the sky, imagining the golden retriever running freely in a grassy field. watercolor. ",28
28,"a 5-year-old Boy with Brown Short hair and white skin tone sharing his thrilling adventure with his family, with his parents tucking him into bed. watercolor. ",29
29,"A colorful garden filled with vibrant flowers and lush green plants. In the distance, a 3-year-old girl with long brown hair and darker cinnamon skin tone is seen sitting on a blanket, surrounded by her favorite toys, as she imagines grand adventures. watercolor. ",30
30,"A lush rainforest, with tall trees and vibrant flowers. A 3-year-old girl with long brown hair and darker cinnamon skin tone stands at the edge of the rainforest, ready to explore. watercolor. ",31
31,"a 3-year-old Girl with Brown Medium hair and darker cinnamon skin tone looking at a golden retriever with a fluffy, light golden coat and friendly brown eyes with a determined expression, as she decides to help him find his family. watercolor. ",32
32,"a 3-year-old Girl with Brown Medium hair and darker cinnamon skin tone, a golden retriever with a fluffy, light golden coat and friendly brown eyes, and a young girl with blonde hair and blue eyes having a joyful reunion at the park, with a picnic set up on a blanket. watercolor. ",33
33,"a 3-year-old Girl with Brown Medium hair and darker cinnamon skin tone walking away with a sense of satisfaction and love in her heart, with the town of Blossomville in the background. watercolor. ",34
34,"A powerful image of the young superhero confronting the bullies, with fear and intimidation on their faces, and the smaller child looking grateful and relieved. watercolor. ",35
35,"A 6 year old girl with light skin color and long blonde hair, wearing a pink tutu, performing a beautiful ballet move on stage. watercolor. ",36
36,"A 6-year-old Girl with Brown Long hair and white skin tone and a golden retriever with a friendly and playful expression, golden fur, and a red collar playing fetch in a spacious backyard, with a bright blue sky and a rainbow in the background. watercolor. ",37
37,"A 6-year-old Girl with Brown Long hair and white skin tone examining the tag on a golden retriever with a friendly and playful expression, golden fur, and a red collar's collar, with a worried expression, in a cozy living room. watercolor. ",38
38,"A 6-year-old Girl with Brown Long hair and white skin tone and a golden retriever with a friendly and playful expression, golden fur, and a red collar receiving help from a kind stranger in a park filled with colorful flowers and a sparkling pond. watercolor. ",39
39,"A 6-year-old Girl with Brown Long hair and white skin tone and a golden retriever with a friendly and playful expression, golden fur, and a red collar huddled together under an umbrella during a thunderstorm, with rain pouring down and lightning in the sky. watercolor. ",40
40,"A colorful illustration of a 6-year-old Girl with Brown Long hair and white skin tone's story being read in a bedtime storybook, with children tucked in bed and dreaming of kindness and perseverance. watercolor. ",41
41,"a 6-year-old Boy with Brown Short hair and white skin tone and his dad crossing the finish line of a friendly race, both wearing big smiles of joy and accomplishment. watercolor. ",42
42,"a 6-year-old Boy with Brown Short hair and white skin tone sitting in the driver's seat of the Ferrari, looking determined and focused, with a backdrop of a race track and a football field. watercolor. ",43
43,"a 6-year-old Boy with Brown Short hair and white skin tone sleeping peacefully in bed, with a starry night sky outside his window, symbolizing his dreams and aspirations. watercolor. ",44
44,"A 5-year-old Girl with Brown Long hair and darker cinnamon skin tone inside the spaceship, gripping onto the control panel, with a worried expression as the spaceship spins uncontrollably. watercolor. ",45
45,"A 5-year-old Girl with Brown Long hair and darker cinnamon skin tone exploring different planets with her alien friends, each planet depicted in its unique environment, such as the red deserts of Mars, the stormy atmosphere of Jupiter, and the ringed beauty of Saturn. watercolor. ",46
46,"A 4-year-old boy with brown short hair and white skin tone forming a search party, spreading out in different directions, with each member calling out for the families of the lost dinosaurs, against the backdrop of the dense forest. watercolor. ",47
47,"a 3-year-old Boy with Blonde Short hair and white skin tone and a friendly rabbit discovering a muddy puddle, shimmering under the warm sun, with trees and flowers surrounding it. watercolor. ",48
48,"a 3-year-old Boy with Blonde Short hair and white skin tone jumping into the muddy puddle, with splashes of water and mud flying in all directions. watercolor. ",49
49,"A 4-year-old boy with brown short hair and white skin tone bidding farewell to his dinosaur friends, with hearts full of beautiful memories, against the backdrop of a sunset behind the volcanoes, symbolizing the end of their adventure. watercolor. ",50
